[   
    {
        "id": 1,
        "name": "Adam Zampa",
        "status": "online",
        "profile": "assets/images/users/avatar-1.jpg"
    },
    {
        "id": 2,
        "name": "Bella Cote",
        "status": "online",
        "profile": "assets/images/users/avatar-2.jpg"
    },
    {
        "id": 3,
        "name": "Floria Underhill",
        "status": "online",
        "profile": "assets/images/users/avatar-3.jpg"
    },
    {   "id": 4,
        "name": "Fidel Pinard",
        "status": "Offline", 
        "profile": "" 
    }, 
    {
        "id": 5,
        "name": "Fenrick Beriwck",
        "status": "Offline",
        "profile": "assets/images/users/avatar-6.jpg"
    },
    {
        "id": 6,
        "name": "Iris Lewis",
        "status": "online",
        "profile": "assets/images/users/avatar-7.jpg"
    },
    {
        "id": 7,
        "name": "John Foss",
        "status": "online",
        "profile": "assets/images/users/avatar-8.jpg"
    },
    {
        "id": 8,
        "name": "Kathryn Swarey",
        "status": "online",
        "profile": "assets/images/users/avatar-9.jpg"
    },
    {
        "id": 9,
        "name": "Nicholas Staten",
        "status": "online",
        "profile": "assets/images/users/avatar-10.jpg"
    },
    {
        "id": 10,
        "name": "Patrick Hendricks",
        "status": "online",
        "profile": "assets/images/users/avatar-11.jpg",
        "messagecount" : 18
    },       
    {
        "id": 11,
        "name": "Robert Ledonne",
        "status": "online",
        "profile": "assets/images/users/avatar-12.jpg"
    },
    {
        "id": 12,
        "name": "Dobert Ledonne",
        "status": "online",
        "profile": "assets/images/users/avatar-5.jpg"
    }   
  ]
  